OrderID,OrderDate,CustomerID,CustomerName,ProductID,ProductName,Quantity,UnitPrice,TotalPrice,Region
1001,2024-05-04,874,Rita Hicks,2006,Keyboard,2,40,80,East
1002,2024-02-01,803,Bianca Faulkner,2010,Speaker,8,120,960,East
1003,2024-02-17,535,Jessica Roberts,2003,Tablet,1,300,300,East
1004,2024-02-17,568,Joann Bass,2003,Tablet,8,300,2400,West
1005,2024-04-18,800,Timothy Garza,2002,Phone,10,600,6000,East
1006,2024-04-05,812,Mary Sanchez,2008,Printer,2,150,300,South
1007,2024-05-26,785,Ashley Russell,2008,Printer,8,150,1200,South
1008,2024-07-06,556,Daniel Morris,2002,Phone,9,600,5400,North
1009,2024-09-15,874,Dave Sanchez,2002,Phone,9,600,5400,West
1010,2024-08-18,697,Jerry Graham,2004,Headphones,7,50,350,East
1011,2024-03-21,749,April Weaver,2009,Camera,2,500,1000,North
1012,2024-11-11,596,Mark Ruiz,2001,Laptop,3,800,2400,North
1013,2024-06-01,531,Dustin Sawyer,2008,Printer,3,150,450,South
1014,2024-03-28,693,Brittney Burns,2004,Headphones,5,50,250,South
1015,2024-10-30,569,Mark Riggs,2005,Monitor,4,200,800,East
1016,2024-05-24,842,Robin Wood,2003,Tablet,1,300,300,North
1017,2024-05-09,886,Amanda Medina,2001,Laptop,2,800,1600,West
1018,2024-08-13,667,Angela Martinez,2001,Laptop,4,800,3200,North
1019,2024-02-23,753,Megan Baker,2009,Camera,1,500,500,North
1020,2024-08-22,590,Brittany Lam,2004,Headphones,7,50,350,North
1021,2024-09-30,666,Gordon Lucas,2003,Tablet,5,300,1500,South
1022,2024-03-12,899,John Rangel,2010,Speaker,9,120,1080,North
1023,2024-01-23,798,Courtney Sullivan,2001,Laptop,4,800,3200,East
1024,2024-04-27,897,Noah Nunez,2003,Tablet,5,300,1500,North
1025,2024-10-14,835,Joseph Pearson,2008,Printer,6,150,900,East
1026,2024-05-28,613,Dawn Raymond,2001,Laptop,3,800,2400,North
1027,2024-03-01,796,Catherine Ward,2005,Monitor,9,200,1800,West
1028,2024-08-11,591,Joseph Pugh,2007,Mouse,4,25,100,South
1029,2024-12-12,857,Alexandra Miller,2005,Monitor,7,200,1400,East
1030,2024-05-11,576,Jacob Powell,2004,Headphones,6,50,300,North
1031,2024-01-17,505,Katherine Hughes,2004,Headphones,5,50,250,West
1032,2024-09-04,548,Heidi Mitchell,2002,Phone,2,600,1200,West
1033,2024-07-13,779,Joel Schmitt,2006,Keyboard,1,40,40,North
1034,2024-05-02,620,Anthony Powell,2007,Mouse,9,25,225,North
1035,2024-05-05,543,Stacey Velez,2007,Mouse,5,25,125,South
1036,2024-11-07,616,Charles Lynch,2008,Printer,9,150,1350,East
1037,2024-09-19,779,Christopher Cummings,2001,Laptop,2,800,1600,South
1038,2024-10-22,877,Marcus Hunter,2005,Monitor,2,200,400,West
1039,2024-09-20,636,Shelly Cook,2009,Camera,7,500,3500,South
1040,2024-03-30,823,Mary Wright,2006,Keyboard,10,40,400,East
1041,2024-10-06,694,Allison Ward,2001,Laptop,3,800,2400,West
1042,2024-04-22,785,Katie Moore,2004,Headphones,3,50,150,South
1043,2024-07-12,582,Wendy Mayer,2001,Laptop,7,800,5600,West
1044,2024-06-17,817,Patrick Jones,2003,Tablet,3,300,900,East
1045,2024-06-19,732,Jose Welch,2007,Mouse,7,25,175,West
1046,2024-03-28,660,Steve Baker,2004,Headphones,4,50,200,East
1047,2024-11-08,843,Catherine Kennedy,2009,Camera,10,500,5000,East
1048,2024-10-22,546,Steven Howard,2009,Camera,10,500,5000,South
1049,2024-07-24,562,Stephanie Richard,2003,Tablet,9,300,2700,North
1050,2024-10-12,519,Megan Navarro,2004,Headphones,4,50,200,West
1051,2024-07-17,659,Virginia Fuentes,2005,Monitor,6,200,1200,South
1052,2024-05-07,654,Steven Bowman,2004,Headphones,2,50,100,South
1053,2024-06-15,731,Lauren Massey,2002,Phone,2,600,1200,South
1054,2024-01-07,852,Jessica Baker,2003,Tablet,9,300,2700,North
1055,2024-05-12,653,Lauren Bryant,2007,Mouse,10,25,250,South
1056,2024-08-19,530,Nathan Parker,2008,Printer,4,150,600,East
1057,2024-08-09,658,Ryan Reynolds,2006,Keyboard,2,40,80,South
1058,2024-12-19,777,Tyler Shepard,2005,Monitor,2,200,400,West
1059,2024-12-04,692,Jessica Frederick,2009,Camera,5,500,2500,South
1060,2024-04-01,530,Cindy Miller,2004,Headphones,7,50,350,North
1061,2024-10-12,546,Karen Clark,2007,Mouse,8,25,200,North
1062,2024-05-18,638,David Thompson,2006,Keyboard,2,40,80,South
1063,2024-04-06,597,Mary Nelson,2003,Tablet,10,300,3000,South
1064,2024-10-05,506,Regina Bird,2005,Monitor,9,200,1800,South
1065,2024-06-15,741,Brian Gonzalez,2006,Keyboard,4,40,160,East
1066,2024-02-09,703,Lisa Murphy,2007,Mouse,6,25,150,South
1067,2024-10-12,584,Jason Mendoza,2007,Mouse,5,25,125,South
1068,2024-04-01,602,Donna Parks,2001,Laptop,2,800,1600,North
1069,2024-07-21,706,Rebecca Gillespie,2003,Tablet,10,300,3000,East
1070,2024-11-20,512,Scott Clark,2003,Tablet,7,300,2100,South
1071,2024-11-22,567,Tanya Baker,2001,Laptop,6,800,4800,East
1072,2024-02-25,580,Joseph Guerra,2009,Camera,3,500,1500,North
1073,2024-01-08,633,Mary Perez,2002,Phone,6,600,3600,East
1074,2024-04-05,535,Haley Gilbert,2009,Camera,7,500,3500,South
1075,2024-03-31,582,Christopher Brewer,2008,Printer,6,150,900,East
1076,2024-10-20,617,Jessica Hernandez,2009,Camera,2,500,1000,West
1077,2024-02-18,858,Brad Ayala,2001,Laptop,3,800,2400,East
1078,2024-12-11,669,Kelly Ewing,2007,Mouse,9,25,225,South
1079,2024-05-27,646,John Gilbert,2006,Keyboard,9,40,360,North
1080,2024-12-22,598,John Shelton,2009,Camera,6,500,3000,North
1081,2024-02-27,639,Pamela Howard,2007,Mouse,8,25,200,North
1082,2024-11-30,557,Richard Price,2003,Tablet,3,300,900,East
1083,2024-12-31,836,Gerald Romero,2003,Tablet,6,300,1800,West
1084,2024-02-12,807,Ricky Barrett,2010,Speaker,7,120,840,West
1085,2024-06-27,866,Stacey Jennings,2006,Keyboard,5,40,200,South
1086,2024-04-23,617,Steven Snyder,2009,Camera,9,500,4500,South
1087,2024-03-28,705,Kurt Fowler,2008,Printer,5,150,750,North
1088,2024-03-01,690,Melissa Nelson,2004,Headphones,5,50,250,North
1089,2024-06-13,897,Adam Hartman,2010,Speaker,3,120,360,North
1090,2024-07-20,729,Audrey Gibbs,2005,Monitor,6,200,1200,North
1091,2024-10-21,654,Phyllis Zuniga,2007,Mouse,1,25,25,North
1092,2024-03-26,705,Thomas Gordon,2002,Phone,6,600,3600,North
1093,2024-11-24,517,Jeremiah Davis,2001,Laptop,6,800,4800,South
1094,2024-06-08,893,Savannah Frederick,2009,Camera,10,500,5000,West
1095,2024-05-01,584,Scott Lewis,2003,Tablet,9,300,2700,East
1096,2024-03-28,590,Adam Wilson,2010,Speaker,9,120,1080,South
1097,2024-05-10,527,Richard Price,2003,Tablet,9,300,2700,South
1098,2024-05-20,639,Meghan Gallagher,2004,Headphones,1,50,50,East
1099,2024-02-09,653,Ashley Sellers,2008,Printer,2,150,300,South
1100,2024-02-12,866,Benjamin Finley,2003,Tablet,2,300,600,South
1101,2024-05-28,647,Susan Larson,2008,Printer,2,150,300,East
1102,2024-08-31,748,Danielle Armstrong,2002,Phone,4,600,2400,South
1103,2024-10-24,523,Mr. Carl Elliott,2001,Laptop,1,800,800,West
1104,2024-12-11,607,Rhonda Ruiz,2007,Mouse,10,25,250,West
1105,2024-09-26,528,Thomas Mcdaniel,2010,Speaker,4,120,480,West
1106,2024-08-21,887,James Hunt,2008,Printer,9,150,1350,South
1107,2024-04-03,602,Todd Garcia,2001,Laptop,9,800,7200,West
1108,2024-05-17,546,Aaron Fowler,2001,Laptop,9,800,7200,North
1109,2024-03-19,896,Mark Moreno,2006,Keyboard,7,40,280,West
1110,2024-11-08,679,Michael Kramer,2009,Camera,2,500,1000,East
1111,2024-06-23,785,Adam Roberts,2007,Mouse,3,25,75,East
1112,2024-01-31,567,Christina Miller,2009,Camera,7,500,3500,South
1113,2024-03-08,808,Mark Crosby,2004,Headphones,8,50,400,South
1114,2024-06-02,695,Susan Hunter,2008,Printer,8,150,1200,South
1115,2024-02-18,627,Morgan Summers,2001,Laptop,7,800,5600,East
1116,2024-06-13,802,Edward Smith,2006,Keyboard,9,40,360,West
1117,2024-06-12,534,Antonio Vazquez,2004,Headphones,5,50,250,East
1118,2024-01-12,789,Daniel Sanchez,2001,Laptop,8,800,6400,East
1119,2024-05-29,864,Patrick Kirby,2009,Camera,8,500,4000,West
1120,2024-03-18,583,Thomas Davis,2007,Mouse,10,25,250,North
1121,2024-06-15,579,Thomas Adams,2008,Printer,2,150,300,North
1122,2024-07-14,848,Brandon Cochran,2010,Speaker,3,120,360,West
1123,2024-10-20,591,Mr. Richard Ramirez,2009,Camera,3,500,1500,North
1124,2024-07-10,695,Kimberly Pope,2008,Printer,3,150,450,East
1125,2024-05-10,885,Thomas Peterson,2003,Tablet,9,300,2700,East
1126,2024-10-20,857,Angela Matthews,2005,Monitor,7,200,1400,North
1127,2024-07-07,723,Ricardo Alexander,2003,Tablet,4,300,1200,West
1128,2024-03-08,537,Mrs. Kayla Holder,2009,Camera,5,500,2500,South
1129,2024-12-04,680,Andrew Shaw,2001,Laptop,2,800,1600,South
1130,2024-12-04,830,Heather West,2005,Monitor,3,200,600,West
1131,2024-12-08,509,Melissa Hall,2006,Keyboard,5,40,200,South
1132,2024-05-24,673,Benjamin Phelps,2003,Tablet,6,300,1800,South
1133,2024-07-06,836,Tonya Russo,2004,Headphones,3,50,150,West
1134,2024-03-06,566,Erica Alvarado,2006,Keyboard,1,40,40,South
1135,2024-12-12,689,Andrew Frazier,2008,Printer,5,150,750,West
1136,2024-05-21,649,Kristen Mitchell,2005,Monitor,9,200,1800,North
1137,2024-07-16,787,Brenda Fleming,2010,Speaker,9,120,1080,North
1138,2024-06-21,698,Leslie White,2004,Headphones,5,50,250,North
1139,2024-06-26,820,David Bell,2003,Tablet,2,300,600,South
1140,2024-09-01,880,Robert Wright,2009,Camera,6,500,3000,North
1141,2024-07-27,629,Russell Evans,2001,Laptop,1,800,800,West
1142,2024-10-15,711,Jaime Smith,2004,Headphones,9,50,450,East
1143,2024-06-17,629,Melissa Khan,2003,Tablet,1,300,300,West
1144,2024-11-04,748,Jacob White,2004,Headphones,5,50,250,South
1145,2024-03-03,864,Nicole Collins,2001,Laptop,4,800,3200,West
1146,2024-09-14,826,Jim Mcdonald,2004,Headphones,1,50,50,North
1147,2024-03-24,761,Rachel Franklin,2003,Tablet,8,300,2400,South
1148,2024-06-26,681,James Taylor,2001,Laptop,3,800,2400,South
1149,2024-07-16,588,Crystal Nolan,2009,Camera,5,500,2500,South
1150,2024-02-09,831,George Jenkins,2004,Headphones,5,50,250,West
1151,2024-09-29,597,Justin Fuller,2006,Keyboard,10,40,400,East
1152,2024-04-08,662,Mark Cruz,2010,Speaker,4,120,480,West
1153,2024-06-17,742,Amy Boone,2003,Tablet,2,300,600,North
1154,2024-03-08,549,Aaron Garcia,2005,Monitor,3,200,600,East
1155,2024-01-28,821,Shannon Kirby,2010,Speaker,9,120,1080,East
1156,2024-04-26,671,William Tyler,2009,Camera,6,500,3000,East
1157,2024-06-05,645,Gina Cantrell,2008,Printer,3,150,450,West
1158,2024-02-18,687,David Gonzalez,2006,Keyboard,1,40,40,North
1159,2024-10-11,670,Susan Mcintyre,2005,Monitor,6,200,1200,West
1160,2024-03-11,743,Rebecca Smith,2002,Phone,9,600,5400,North
1161,2024-09-27,800,Christine Holmes,2009,Camera,4,500,2000,East
1162,2024-11-25,536,Molly Scott,2005,Monitor,10,200,2000,East
1163,2024-10-26,612,Teresa Cochran,2006,Keyboard,7,40,280,West
1164,2024-04-14,879,Todd Chavez,2008,Printer,6,150,900,South
1165,2024-07-10,739,Ronald Wells,2007,Mouse,3,25,75,West
1166,2024-07-27,873,Jessica Huffman,2008,Printer,5,150,750,South
1167,2024-06-28,864,Jeanette Robinson,2007,Mouse,8,25,200,North
1168,2024-09-01,683,Grace Smith,2009,Camera,6,500,3000,West
1169,2024-07-02,867,Donald Butler,2008,Printer,9,150,1350,North
1170,2024-10-29,642,Jose Olson,2001,Laptop,4,800,3200,East
1171,2024-08-31,575,Kristen Day,2003,Tablet,9,300,2700,South
1172,2024-11-23,899,Adam Ho,2010,Speaker,7,120,840,West
1173,2024-06-13,702,Julie Perkins,2007,Mouse,6,25,150,West
1174,2024-07-23,623,Adam Martinez,2006,Keyboard,1,40,40,South
1175,2024-10-25,750,Anthony Haynes,2008,Printer,1,150,150,South
1176,2024-06-29,663,Sarah Hart,2002,Phone,5,600,3000,East
1177,2024-04-26,780,Tara Petersen,2002,Phone,6,600,3600,West
1178,2024-05-29,697,Elijah James,2001,Laptop,9,800,7200,North
1179,2024-12-24,508,Frank Williams,2002,Phone,10,600,6000,North
1180,2024-05-27,892,Brian Mullen,2002,Phone,7,600,4200,North
1181,2024-05-09,523,Joseph Gomez,2002,Phone,7,600,4200,West
1182,2024-08-14,568,Heather Smith,2005,Monitor,3,200,600,East
1183,2024-10-12,814,Nichole Ho,2007,Mouse,4,25,100,North
1184,2024-07-24,801,Briana Cooper,2006,Keyboard,6,40,240,East
1185,2024-02-23,531,Gina Chambers,2009,Camera,3,500,1500,North
1186,2024-01-25,627,Colin Peterson,2006,Keyboard,6,40,240,North
1187,2024-10-29,668,Christina Rogers,2002,Phone,6,600,3600,South
1188,2024-05-01,692,Judith Payne,2007,Mouse,9,25,225,South
1189,2024-05-21,766,Nicholas Barnett,2008,Printer,9,150,1350,South
1190,2024-04-01,607,Brandi Erickson,2001,Laptop,2,800,1600,West
1191,2024-11-30,821,Jeremy Patterson,2003,Tablet,7,300,2100,East
1192,2024-05-13,659,Brandon Schroeder,2007,Mouse,6,25,150,West
1193,2024-09-23,795,Destiny Smith,2010,Speaker,1,120,120,East
1194,2024-10-03,637,Kristi Lee,2006,Keyboard,3,40,120,South
1195,2024-12-02,613,Joseph Sanchez,2009,Camera,8,500,4000,South
1196,2024-10-28,814,Jennifer Vargas,2006,Keyboard,4,40,160,West
1197,2024-11-09,704,John Noble,2008,Printer,3,150,450,West
1198,2024-04-19,621,Mrs. Tiffany Bailey,2006,Keyboard,7,40,280,North
1199,2024-03-04,584,Kayla Cole,2010,Speaker,10,120,1200,South
1200,2024-02-23,851,Angela Le,2003,Tablet,3,300,900,North
1201,2024-11-21,883,Angela Guerrero,2002,Phone,8,600,4800,South
1202,2024-03-24,732,John Luna,2009,Camera,10,500,5000,East
1203,2024-01-28,679,Drew Frazier,2001,Laptop,3,800,2400,North
1204,2024-08-13,740,Jaime Ward,2006,Keyboard,10,40,400,East
1205,2024-09-20,755,Jordan Smith,2001,Laptop,4,800,3200,West
1206,2024-04-20,881,Maria Smith,2001,Laptop,8,800,6400,West
1207,2024-03-24,702,Jennifer David,2009,Camera,9,500,4500,West
1208,2024-07-27,702,Douglas Cardenas,2010,Speaker,9,120,1080,West
1209,2024-11-29,741,Tammy Martin,2006,Keyboard,7,40,280,West
1210,2024-05-15,875,Jermaine Cooper,2003,Tablet,1,300,300,North
1211,2024-06-21,582,Rebecca Mathews,2005,Monitor,5,200,1000,East
1212,2024-04-20,529,Ryan Lawrence MD,2010,Speaker,10,120,1200,South
1213,2024-06-26,560,Sara Jennings,2009,Camera,7,500,3500,East
1214,2024-04-27,617,Kevin Stewart,2005,Monitor,4,200,800,North
1215,2024-09-13,696,William Moore,2007,Mouse,9,25,225,East
1216,2024-08-02,840,Ashley Davis,2009,Camera,10,500,5000,West
1217,2024-10-08,550,Nathaniel Johnson,2009,Camera,7,500,3500,East
1218,2024-02-14,897,Sharon Jones,2009,Camera,8,500,4000,North
1219,2024-08-26,667,Morgan Davis,2009,Camera,5,500,2500,North
1220,2024-10-01,807,Stephen Gonzalez,2008,Printer,4,150,600,East
1221,2024-09-12,874,Paul Buchanan,2010,Speaker,1,120,120,West
1222,2024-06-20,543,Bonnie Glenn,2004,Headphones,9,50,450,West
1223,2024-12-20,720,John Hardy,2001,Laptop,3,800,2400,North
1224,2024-12-06,762,Jason Medina,2008,Printer,6,150,900,West
1225,2024-12-11,520,Rodney Gibson,2001,Laptop,6,800,4800,West
1226,2024-10-03,755,Tiffany Green,2007,Mouse,7,25,175,West
1227,2024-01-20,720,Mary Barnes,2003,Tablet,5,300,1500,West
1228,2024-03-06,889,Francis Stanley,2001,Laptop,6,800,4800,East
1229,2024-03-05,601,John Lam,2008,Printer,9,150,1350,East
1230,2024-01-08,625,Michael Jones,2001,Laptop,5,800,4000,West
1231,2024-08-16,701,Ronald Rowe,2010,Speaker,1,120,120,South
1232,2024-09-16,754,Erin Zimmerman,2003,Tablet,2,300,600,North
1233,2024-08-16,663,Cameron Smith,2006,Keyboard,5,40,200,North
1234,2024-10-02,622,Vanessa Dennis,2008,Printer,9,150,1350,South
1235,2024-06-02,795,Henry Mcclure,2001,Laptop,9,800,7200,East
1236,2024-05-09,722,Briana Wood,2010,Speaker,2,120,240,East
1237,2024-08-30,863,Andrew Edwards,2009,Camera,5,500,2500,North
1238,2024-12-31,563,Wendy Poole,2007,Mouse,4,25,100,West
1239,2024-12-10,752,Dustin Terrell,2008,Printer,4,150,600,North
1240,2024-08-12,774,Joanna James,2006,Keyboard,3,40,120,South
1241,2024-01-11,732,Alex Davenport,2007,Mouse,2,25,50,North
1242,2024-08-15,774,Rhonda Johnson,2007,Mouse,5,25,125,East
1243,2024-06-09,647,Morgan Scott,2007,Mouse,2,25,50,South
1244,2024-11-03,541,Heather Williams,2001,Laptop,4,800,3200,East
1245,2024-12-19,888,Jennifer Carpenter,2001,Laptop,2,800,1600,South
1246,2024-12-05,801,Amy Lee,2005,Monitor,5,200,1000,East
1247,2024-07-21,566,Amber Neal,2004,Headphones,6,50,300,West
1248,2024-03-05,699,Ashley Blackburn,2001,Laptop,1,800,800,South
1249,2024-06-11,721,Julie Johnson,2001,Laptop,9,800,7200,East
1250,2024-12-21,824,James Padilla,2002,Phone,4,600,2400,North
1251,2024-10-22,553,Bruce Marshall,2002,Phone,10,600,6000,West
1252,2024-04-04,656,Chris Wilkerson,2005,Monitor,2,200,400,South
1253,2024-06-24,796,Stephanie Crosby,2005,Monitor,3,200,600,East
1254,2024-02-23,549,Javier Horne,2008,Printer,7,150,1050,North
1255,2024-07-05,831,Megan Torres,2010,Speaker,10,120,1200,West
1256,2024-05-30,638,Adam Mcdaniel,2003,Tablet,5,300,1500,West
1257,2024-09-11,606,Melissa Smith,2009,Camera,2,500,1000,North
1258,2024-05-10,506,Tonya Rowland,2001,Laptop,8,800,6400,North
1259,2024-06-05,693,Melissa Johnson,2006,Keyboard,4,40,160,West
1260,2024-02-08,731,Joseph Mendez,2003,Tablet,2,300,600,West
1261,2024-09-06,565,Nancy Reeves,2010,Speaker,5,120,600,East
1262,2024-11-21,569,Joe Spears,2002,Phone,5,600,3000,South
1263,2024-09-24,736,Ashley Smith,2002,Phone,9,600,5400,North
1264,2024-10-26,843,Timothy White,2004,Headphones,5,50,250,West
1265,2024-02-05,829,Cheryl Hurst,2001,Laptop,1,800,800,North
1266,2024-02-09,620,Andrew Pratt,2008,Printer,4,150,600,South
1267,2024-04-27,640,Laura Hall,2004,Headphones,2,50,100,East
1268,2024-02-04,724,Brenda Chambers,2008,Printer,6,150,900,East
1269,2024-10-27,815,Edward Zavala,2009,Camera,7,500,3500,North
1270,2024-01-05,821,Donald Smith,2007,Mouse,2,25,50,North
1271,2024-07-29,609,Michelle Cooper,2009,Camera,9,500,4500,South
1272,2024-10-13,575,Jerry Murray,2004,Headphones,5,50,250,East
1273,2024-03-28,793,Mrs. Lisa Ochoa DDS,2009,Camera,3,500,1500,North
1274,2024-10-20,533,Kevin Johnson,2004,Headphones,4,50,200,North
1275,2024-12-13,723,Victoria Powers,2004,Headphones,10,50,500,South
1276,2024-02-04,708,Kristen Arnold,2008,Printer,10,150,1500,South
1277,2024-07-25,592,Blake Anderson Jr.,2008,Printer,9,150,1350,South
1278,2024-11-25,865,Bryan Thompson,2008,Printer,5,150,750,East
1279,2024-06-26,639,Margaret Dougherty,2008,Printer,6,150,900,North
1280,2024-12-14,603,Christina Brown,2004,Headphones,4,50,200,East
1281,2024-01-17,675,Andrew Clark,2003,Tablet,8,300,2400,West
1282,2024-10-08,568,Natalie Bruce,2007,Mouse,4,25,100,West
1283,2024-10-04,728,Colin Ball,2005,Monitor,4,200,800,East
1284,2024-11-07,650,James Lee,2002,Phone,4,600,2400,South
1285,2024-09-22,601,Jodi Lewis,2003,Tablet,1,300,300,East
1286,2024-05-23,731,Robin Coleman,2006,Keyboard,2,40,80,South
1287,2024-12-13,713,Robert Potter III,2001,Laptop,8,800,6400,East
1288,2024-05-29,748,Ashley Mcgee,2008,Printer,4,150,600,East
1289,2024-09-19,549,John Gonzales,2007,Mouse,7,25,175,West
1290,2024-11-12,675,Karina Huang,2004,Headphones,1,50,50,East
1291,2024-07-28,539,Andrea Jackson,2002,Phone,7,600,4200,North
1292,2024-05-07,630,Dr. Elizabeth Dixon MD,2006,Keyboard,5,40,200,East
1293,2024-12-14,815,Shannon Mack,2006,Keyboard,6,40,240,South
1294,2024-04-18,582,Jessica Hart,2001,Laptop,9,800,7200,South
1295,2024-11-25,659,Mark Peters,2003,Tablet,2,300,600,North
1296,2024-06-28,730,Christine Stevens MD,2006,Keyboard,4,40,160,South
1297,2024-09-11,531,Cameron Paul,2005,Monitor,10,200,2000,South
1298,2024-02-25,551,Charles Edwards,2006,Keyboard,4,40,160,East
1299,2024-06-24,538,Melanie Oconnor,2002,Phone,4,600,2400,North
1300,2024-05-11,898,Ian Daugherty,2008,Printer,4,150,600,East
1301,2024-08-04,600,Tony Stone,2003,Tablet,8,300,2400,East
1302,2024-11-01,884,Angela Snyder,2010,Speaker,8,120,960,West
1303,2024-01-01,637,Dominique Williams,2003,Tablet,4,300,1200,South
1304,2024-08-02,890,Megan Glover,2007,Mouse,7,25,175,East
1305,2024-07-16,860,Brandon Dyer,2003,Tablet,8,300,2400,East
1306,2024-05-14,536,Ashley Hatfield,2007,Mouse,3,25,75,West
1307,2024-05-15,586,Kathy Crawford,2001,Laptop,6,800,4800,East
1308,2024-10-22,760,Kevin Day,2005,Monitor,7,200,1400,East
1309,2024-10-22,539,Richard Carlson,2002,Phone,8,600,4800,North
1310,2024-01-15,601,Angela Evans,2004,Headphones,6,50,300,West
1311,2024-06-07,864,Natalie Blanchard,2010,Speaker,4,120,480,South
1312,2024-09-30,605,Vanessa Humphrey,2002,Phone,10,600,6000,West
1313,2024-08-15,837,Kristen Fisher,2001,Laptop,7,800,5600,South
1314,2024-01-07,568,Nicolas Campos MD,2005,Monitor,3,200,600,West
1315,2024-11-09,632,Sarah Thompson,2007,Mouse,9,25,225,East
1316,2024-07-24,521,Debbie Cochran DVM,2005,Monitor,4,200,800,South
1317,2024-10-08,651,Kristen Weber,2010,Speaker,2,120,240,West
1318,2024-01-09,549,Charles Walsh,2009,Camera,7,500,3500,East
1319,2024-03-20,741,William Park,2001,Laptop,7,800,5600,North
1320,2024-10-14,779,Anna Lee,2001,Laptop,1,800,800,North
1321,2024-03-31,835,Monique Perez,2002,Phone,4,600,2400,East
1322,2024-05-31,716,Scott Lin,2003,Tablet,2,300,600,South
1323,2024-05-24,720,Brian Cortez,2007,Mouse,10,25,250,South
1324,2024-02-27,900,Danny King,2004,Headphones,8,50,400,North
1325,2024-04-16,873,John Long,2009,Camera,9,500,4500,South
1326,2024-12-17,632,Christine Vincent,2009,Camera,3,500,1500,West
1327,2024-03-23,533,Chad Lee,2001,Laptop,6,800,4800,West
1328,2024-07-12,860,Tracy Henderson,2003,Tablet,3,300,900,North
1329,2024-09-27,848,Melissa Bell,2003,Tablet,9,300,2700,South
1330,2024-09-08,533,Michael Potter,2007,Mouse,1,25,25,South
1331,2024-09-15,846,Anna Rice,2003,Tablet,6,300,1800,South
1332,2024-06-04,835,Michele Anderson,2001,Laptop,9,800,7200,North
1333,2024-09-09,890,Lauren English,2003,Tablet,10,300,3000,North
1334,2024-05-19,708,Sarah Reed,2005,Monitor,3,200,600,North
1335,2024-10-01,592,Jennifer Powell,2008,Printer,3,150,450,North
1336,2024-06-16,610,Michelle Parker,2006,Keyboard,2,40,80,North
1337,2024-06-06,668,Deanna Mitchell,2002,Phone,10,600,6000,West
1338,2024-11-26,717,Veronica King,2010,Speaker,7,120,840,East
1339,2024-06-06,896,Chad Liu,2001,Laptop,3,800,2400,West
1340,2024-10-03,890,Alicia Pham,2003,Tablet,3,300,900,East
1341,2024-04-07,843,Cheyenne Church,2003,Tablet,3,300,900,West
1342,2024-01-20,641,Timothy Nelson,2008,Printer,7,150,1050,East
1343,2024-01-09,666,Jeff Hanson,2008,Printer,9,150,1350,South
1344,2024-03-12,514,Allison Lewis,2006,Keyboard,2,40,80,South
1345,2024-05-13,866,Kathleen Bradley,2004,Headphones,3,50,150,West
1346,2024-03-08,831,Jeremiah Powell,2003,Tablet,7,300,2100,West
1347,2024-01-11,623,Ronald Andrews,2009,Camera,5,500,2500,South
1348,2024-03-31,823,Jason Clark,2004,Headphones,5,50,250,South
1349,2024-12-14,529,Gary Morrison,2010,Speaker,2,120,240,East
1350,2024-03-11,855,Jaime Clark,2010,Speaker,7,120,840,East
1351,2024-02-15,655,Emily Ramirez,2004,Headphones,6,50,300,West
1352,2024-07-16,676,Adam Spence,2006,Keyboard,3,40,120,North
1353,2024-03-27,691,Brian Peters,2001,Laptop,8,800,6400,West
1354,2024-08-03,519,Bryan Brown,2010,Speaker,4,120,480,North
1355,2024-08-22,880,Derek Sanchez,2009,Camera,8,500,4000,East
1356,2024-11-15,601,Phillip Robinson,2001,Laptop,3,800,2400,South
1357,2024-05-05,878,Abigail Steele,2003,Tablet,2,300,600,South
1358,2024-05-05,539,Nicole Berry,2003,Tablet,4,300,1200,South
1359,2024-08-25,861,Kevin Jacobs,2005,Monitor,4,200,800,West
1360,2024-12-11,559,Danielle Silva,2002,Phone,10,600,6000,South
1361,2024-05-04,519,Russell Gay,2007,Mouse,10,25,250,North
1362,2024-07-03,620,Zachary Hudson,2006,Keyboard,7,40,280,South
1363,2024-07-10,613,Karen Reed,2004,Headphones,6,50,300,West
1364,2024-01-05,610,Tammy Patel,2007,Mouse,6,25,150,East
1365,2024-10-05,515,Colleen Hughes,2003,Tablet,4,300,1200,West
1366,2024-05-07,839,John Harrison,2004,Headphones,8,50,400,West
1367,2024-02-22,787,Jeremiah Myers,2004,Headphones,1,50,50,North
1368,2024-11-13,896,Michael Bailey,2001,Laptop,1,800,800,South
1369,2024-10-25,651,Anthony Howard,2002,Phone,8,600,4800,South
1370,2024-03-12,518,Monica Molina,2001,Laptop,6,800,4800,North
1371,2024-05-01,651,Regina Cruz,2009,Camera,5,500,2500,South
1372,2024-01-31,552,Melissa Gutierrez,2010,Speaker,3,120,360,East
1373,2024-10-10,666,Jared Hurley,2007,Mouse,10,25,250,North
1374,2024-12-24,584,Maria Gill,2010,Speaker,1,120,120,West
1375,2024-06-08,728,Kayla Summers,2005,Monitor,10,200,2000,West
1376,2024-06-01,772,Jonathan Rowe,2010,Speaker,8,120,960,North
1377,2024-07-22,788,Susan Miller,2010,Speaker,3,120,360,West
1378,2024-02-11,792,Olivia Taylor,2007,Mouse,1,25,25,West
1379,2024-05-01,738,Denise Mcbride,2006,Keyboard,2,40,80,North
1380,2024-03-01,812,Tammy Stout,2002,Phone,6,600,3600,South
1381,2024-09-08,802,Lisa Franklin,2009,Camera,5,500,2500,East
1382,2024-08-21,693,Kelly Mooney,2002,Phone,2,600,1200,South
1383,2024-11-17,797,Erin Farrell,2001,Laptop,1,800,800,West
1384,2024-03-23,779,Melissa Barron,2008,Printer,9,150,1350,North
1385,2024-10-07,707,David Strong,2008,Printer,5,150,750,West
1386,2024-07-18,513,David Hanson,2006,Keyboard,4,40,160,West
1387,2024-10-10,720,Julie Dunn,2003,Tablet,4,300,1200,West
1388,2024-05-14,551,Mario Howard,2004,Headphones,9,50,450,South
1389,2024-01-14,604,Jesse Fernandez,2006,Keyboard,9,40,360,South
1390,2024-02-04,754,Tracy Gibson,2004,Headphones,10,50,500,East
1391,2024-01-20,529,Barbara Campbell,2004,Headphones,7,50,350,North
1392,2024-01-10,701,Francisco Brown,2009,Camera,9,500,4500,West
1393,2024-09-18,574,Mary Gray,2009,Camera,7,500,3500,West
1394,2024-09-02,755,Tina Whitaker,2007,Mouse,2,25,50,North
1395,2024-08-10,531,Dalton Richardson,2009,Camera,7,500,3500,North
1396,2024-05-11,528,Stacey Bartlett,2002,Phone,3,600,1800,South
1397,2024-07-08,733,Stephanie Sanders,2007,Mouse,8,25,200,West
1398,2024-06-02,672,Joseph Schroeder,2006,Keyboard,4,40,160,North
1399,2024-02-22,736,Melinda White,2002,Phone,5,600,3000,East
1400,2024-01-05,633,Angela Perez,2004,Headphones,9,50,450,West
1401,2024-03-19,537,Nicholas Parrish,2002,Phone,6,600,3600,East
1402,2024-03-24,852,Latasha Shelton,2003,Tablet,1,300,300,South
1403,2024-11-01,762,Michael Simmons,2005,Monitor,2,200,400,East
1404,2024-08-07,768,Jesus Sanchez,2010,Speaker,4,120,480,North
1405,2024-10-07,865,Sarah Vasquez,2010,Speaker,6,120,720,North
1406,2024-04-02,645,Charles Lopez,2010,Speaker,3,120,360,West
1407,2024-01-03,766,Charles Chapman,2001,Laptop,8,800,6400,South
1408,2024-10-30,580,Juan Liu,2010,Speaker,10,120,1200,North
1409,2024-08-27,512,Johnny Bailey,2005,Monitor,8,200,1600,North
1410,2024-05-14,643,Gregory French,2002,Phone,6,600,3600,South
1411,2024-10-15,712,Amy Daniel,2004,Headphones,3,50,150,West
1412,2024-11-06,606,Jason Wilkins,2001,Laptop,5,800,4000,South
1413,2024-05-06,818,Steven Lewis,2007,Mouse,8,25,200,South
1414,2024-01-25,741,Andrew Chan,2007,Mouse,10,25,250,North
1415,2024-10-14,802,Carolyn Williams,2002,Phone,10,600,6000,North
1416,2024-03-18,887,Johnathan Walker,2003,Tablet,6,300,1800,East
1417,2024-03-21,783,Samantha Lopez,2002,Phone,8,600,4800,West
1418,2024-07-09,892,Crystal Reyes,2003,Tablet,6,300,1800,North
1419,2024-01-23,585,Debbie Carlson,2005,Monitor,4,200,800,West
1420,2024-06-15,732,Mrs. Mary Giles,2009,Camera,2,500,1000,North
1421,2024-11-29,640,Catherine Jones,2010,Speaker,1,120,120,West
1422,2024-03-22,505,Samantha Escobar MD,2006,Keyboard,3,40,120,North
1423,2024-11-17,791,Robert Mccarty,2002,Phone,6,600,3600,West
1424,2024-04-15,850,Amber Zimmerman,2007,Mouse,3,25,75,North
1425,2024-10-15,877,Michael Lloyd,2005,Monitor,3,200,600,North
1426,2024-03-07,615,James Kennedy,2001,Laptop,7,800,5600,West
1427,2024-05-09,843,Kevin Thompson,2002,Phone,7,600,4200,West
1428,2024-11-26,672,Kenneth Richardson,2010,Speaker,4,120,480,South
1429,2024-07-26,645,Thomas Werner,2009,Camera,9,500,4500,West
1430,2024-02-16,740,Heidi Edwards,2006,Keyboard,1,40,40,North
1431,2024-05-13,696,Jamie Lewis,2009,Camera,8,500,4000,East
1432,2024-08-20,536,Kristen Cox,2006,Keyboard,2,40,80,East
1433,2024-04-16,841,Michelle Brooks,2004,Headphones,10,50,500,West
1434,2024-11-15,699,Samantha Butler,2010,Speaker,2,120,240,East
1435,2024-05-30,650,James Bonilla,2006,Keyboard,5,40,200,South
1436,2024-08-20,678,Kim Leonard,2003,Tablet,6,300,1800,North
1437,2024-02-20,796,George Pittman,2001,Laptop,4,800,3200,West
1438,2024-03-29,651,Nathan Cervantes,2007,Mouse,8,25,200,South
1439,2024-04-14,506,Richard Bailey,2007,Mouse,1,25,25,North
1440,2024-07-28,874,Brandon Pena,2004,Headphones,8,50,400,North
1441,2024-05-08,844,Elizabeth Wheeler,2002,Phone,8,600,4800,East
1442,2024-05-31,575,Trevor Jones,2008,Printer,4,150,600,West
1443,2024-03-01,559,Dylan Stephens,2004,Headphones,2,50,100,South
1444,2024-05-22,777,Lisa Hernandez,2009,Camera,2,500,1000,West
1445,2024-06-29,572,Heather Hernandez,2001,Laptop,7,800,5600,North
1446,2024-04-14,840,Brandy Evans,2009,Camera,9,500,4500,East
1447,2024-09-20,554,Emily Cisneros MD,2008,Printer,7,150,1050,North
1448,2024-08-14,633,Joshua Daniels,2006,Keyboard,2,40,80,East
1449,2024-07-21,813,Debra Ellis,2010,Speaker,1,120,120,West
1450,2024-06-04,874,Andrea Carter,2008,Printer,8,150,1200,West
1451,2024-03-18,688,Mrs. Ashley Vargas,2010,Speaker,6,120,720,North
1452,2024-08-20,719,Jeffrey Williams,2010,Speaker,6,120,720,East
1453,2024-07-11,708,Raymond Duran,2007,Mouse,10,25,250,South
1454,2024-08-27,647,David Gaines,2002,Phone,4,600,2400,East
1455,2024-07-11,538,Michael Mathis,2010,Speaker,6,120,720,South
1456,2024-01-21,820,Brenda Nelson,2006,Keyboard,8,40,320,East
1457,2024-09-22,846,Kevin Patrick,2003,Tablet,9,300,2700,East
1458,2024-11-18,677,James Lewis,2006,Keyboard,6,40,240,North
1459,2024-03-23,890,Amanda Vasquez,2007,Mouse,4,25,100,South
1460,2024-11-04,586,Evan Nelson,2009,Camera,1,500,500,East
1461,2024-11-11,658,Laura Allen,2009,Camera,10,500,5000,East
1462,2024-09-12,772,Linda Scott,2005,Monitor,6,200,1200,South
1463,2024-03-05,755,Kelsey Duncan,2006,Keyboard,9,40,360,East
1464,2024-02-11,877,Jeffrey Moody,2009,Camera,6,500,3000,East
1465,2024-01-30,612,Dr. Anthony Escobar MD,2010,Speaker,8,120,960,North
1466,2024-05-24,740,Douglas Gray,2009,Camera,5,500,2500,South
1467,2024-02-28,655,Ryan Davis,2004,Headphones,3,50,150,West
1468,2024-05-31,758,Eric Foster,2002,Phone,9,600,5400,East
1469,2024-07-23,526,Michelle Richardson,2008,Printer,1,150,150,North
1470,2024-02-25,518,Mikayla Gonzalez,2008,Printer,7,150,1050,South
1471,2024-12-27,878,Jessica Gonzalez,2007,Mouse,3,25,75,South
1472,2024-01-07,721,Ronald Morris,2002,Phone,6,600,3600,East
1473,2024-09-23,738,Jeffrey Tucker,2005,Monitor,10,200,2000,North
1474,2024-12-03,511,Kimberly Mooney,2005,Monitor,8,200,1600,West
1475,2024-02-17,608,David Little,2001,Laptop,6,800,4800,West
1476,2024-12-26,568,Catherine Williams,2006,Keyboard,3,40,120,West
1477,2024-07-23,525,David Morrison,2001,Laptop,4,800,3200,South
1478,2024-07-02,753,Samantha Trujillo,2005,Monitor,5,200,1000,West
1479,2024-12-05,785,Mrs. Tracey Lopez MD,2004,Headphones,5,50,250,West
1480,2024-02-04,602,Benjamin Nelson,2007,Mouse,9,25,225,North
1481,2024-08-06,821,Eric Hunt,2004,Headphones,9,50,450,East
1482,2024-07-16,618,Veronica Allen,2005,Monitor,3,200,600,North
1483,2024-03-11,869,Michelle Raymond,2008,Printer,6,150,900,West
1484,2024-11-16,601,Beverly Johnson,2006,Keyboard,8,40,320,North
1485,2024-08-18,584,Nathan Lopez,2010,Speaker,5,120,600,East
1486,2024-03-07,781,David Lopez,2010,Speaker,8,120,960,North
1487,2024-12-17,759,Bryan Anderson,2005,Monitor,7,200,1400,South
1488,2024-12-11,868,Lauren Miller,2006,Keyboard,9,40,360,North
1489,2024-12-04,568,Hannah Johnson,2009,Camera,4,500,2000,West
1490,2024-08-07,814,Jeffrey Schwartz,2008,Printer,6,150,900,North
1491,2024-06-06,629,Brenda Davis,2010,Speaker,7,120,840,North
1492,2024-03-30,586,Walter Aguilar,2005,Monitor,7,200,1400,East
1493,2024-10-04,612,Jeffrey Foley,2008,Printer,7,150,1050,South
1494,2024-10-17,586,Catherine Clay,2010,Speaker,8,120,960,West
1495,2024-02-15,891,Melvin Williams,2009,Camera,6,500,3000,West
1496,2024-12-01,681,Cindy Baker,2003,Tablet,7,300,2100,West
1497,2024-04-04,615,Emily Allen,2005,Monitor,2,200,400,South
1498,2024-11-08,709,Lauren Fritz,2009,Camera,2,500,1000,North
1499,2024-10-09,543,Patricia Garcia,2004,Headphones,1,50,50,North
1500,2024-01-12,744,Tiffany Martin,2005,Monitor,2,200,400,East
1501,2024-01-26,661,Randy Murillo,2005,Monitor,1,200,200,North
1502,2024-06-22,667,Susan Rodriguez,2006,Keyboard,1,40,40,South
1503,2024-11-22,876,Jesse Thomas,2004,Headphones,8,50,400,North
1504,2024-11-06,655,Evan Sims,2003,Tablet,3,300,900,South
1505,2024-08-25,752,William Boyle,2001,Laptop,8,800,6400,East
1506,2024-11-19,528,Autumn Mcdonald,2008,Printer,2,150,300,West
1507,2024-10-11,550,Brian Keith,2003,Tablet,7,300,2100,West
1508,2024-10-18,817,Christopher Beck,2004,Headphones,4,50,200,West
1509,2024-06-05,834,Amber West,2007,Mouse,2,25,50,West
1510,2024-02-05,507,Erica Smith,2003,Tablet,3,300,900,West
1511,2024-09-12,543,Jennifer Fowler,2004,Headphones,3,50,150,East
1512,2024-09-01,808,James Gordon,2001,Laptop,4,800,3200,South
1513,2024-02-06,558,Michele Miller,2004,Headphones,8,50,400,North
1514,2024-03-28,732,Russell Walton,2002,Phone,8,600,4800,South
1515,2024-07-11,647,Jessica Brown,2008,Printer,2,150,300,East
1516,2024-01-21,710,Ashley Tyler,2007,Mouse,4,25,100,East
1517,2024-05-12,580,Timothy Hill,2002,Phone,3,600,1800,East
1518,2024-05-12,513,Austin Stevens,2004,Headphones,2,50,100,North
1519,2024-04-18,641,Alexis Dunn DDS,2005,Monitor,10,200,2000,North
1520,2024-06-24,754,Elizabeth Butler,2010,Speaker,6,120,720,East
1521,2024-09-05,642,Derrick Smith,2006,Keyboard,5,40,200,South
1522,2024-05-14,528,George Keller,2006,Keyboard,3,40,120,South
1523,2024-04-02,522,Katie Freeman,2001,Laptop,6,800,4800,South
1524,2024-07-13,556,Janet Mcintosh,2007,Mouse,1,25,25,North
1525,2024-09-30,640,Erin Huerta,2003,Tablet,5,300,1500,West
1526,2024-03-10,873,Dakota Chen,2003,Tablet,10,300,3000,West
1527,2024-03-09,600,Robert Thomas,2001,Laptop,7,800,5600,South
1528,2024-01-17,872,Amanda Campos,2005,Monitor,5,200,1000,North
1529,2024-04-23,848,Michael Peterson,2006,Keyboard,2,40,80,East
1530,2024-03-06,613,Andrew Bishop,2004,Headphones,7,50,350,West
1531,2024-12-23,812,Joyce Macias,2008,Printer,7,150,1050,South
1532,2024-01-06,536,Chelsea Jenkins,2001,Laptop,7,800,5600,West
1533,2024-08-21,638,Sarah Green,2008,Printer,6,150,900,North
1534,2024-03-29,701,Jennifer Henry,2001,Laptop,8,800,6400,East
1535,2024-04-23,508,Patrick Rodriguez,2002,Phone,1,600,600,West
1536,2024-03-07,829,Crystal Carter,2009,Camera,1,500,500,South
1537,2024-09-22,846,Kathleen Allen,2009,Camera,4,500,2000,North
1538,2024-04-27,754,Tina Lopez,2002,Phone,8,600,4800,East
1539,2024-02-19,871,Samuel Berry,2010,Speaker,8,120,960,North
1540,2024-06-14,741,Linda Little,2002,Phone,10,600,6000,South
1541,2024-05-13,550,Melissa Roman,2010,Speaker,4,120,480,West
1542,2024-05-01,822,Laura Skinner,2010,Speaker,4,120,480,West
1543,2024-02-07,818,Christopher Mckenzie,2006,Keyboard,4,40,160,North
1544,2024-01-08,683,Stephen Santiago,2008,Printer,5,150,750,South
1545,2024-09-02,760,Emily Thompson,2005,Monitor,9,200,1800,North
1546,2024-03-23,775,Christina Tran,2007,Mouse,2,25,50,West
1547,2024-07-24,664,Jack Torres,2001,Laptop,6,800,4800,East
1548,2024-02-04,687,Patricia Ward,2004,Headphones,6,50,300,West
1549,2024-09-04,670,Robin Davis,2005,Monitor,10,200,2000,East
1550,2024-02-07,530,Meghan Schultz,2007,Mouse,8,25,200,West
1551,2024-08-17,593,Angelica Nelson,2007,Mouse,6,25,150,South
1552,2024-12-06,873,Lori Garcia,2008,Printer,1,150,150,South
1553,2024-01-17,745,John Waters,2010,Speaker,10,120,1200,East
1554,2024-04-22,756,Kyle Lamb,2003,Tablet,10,300,3000,West
1555,2024-08-24,574,Monica Watson,2008,Printer,8,150,1200,West
1556,2024-03-22,695,Erica Wade,2005,Monitor,5,200,1000,South
1557,2024-05-24,884,Jennifer Spencer,2005,Monitor,4,200,800,West
1558,2024-11-12,706,Jesse Simpson DDS,2006,Keyboard,7,40,280,North
1559,2024-05-26,891,Aaron Green,2005,Monitor,7,200,1400,North
1560,2024-03-11,678,Mr. Thomas Smith,2005,Monitor,9,200,1800,North
1561,2024-11-15,641,Tom Alvarado Jr.,2003,Tablet,5,300,1500,West
1562,2024-07-15,811,Shannon Conner,2005,Monitor,4,200,800,North
1563,2024-02-03,589,Sophia Brady,2001,Laptop,5,800,4000,North
1564,2024-02-09,694,Summer Rodriguez,2008,Printer,10,150,1500,West
1565,2024-11-03,589,Rebecca Brooks,2002,Phone,6,600,3600,East
1566,2024-01-20,748,Jesse Hart,2003,Tablet,1,300,300,South
1567,2024-10-22,747,Mark Bright,2005,Monitor,6,200,1200,North
1568,2024-03-10,520,Nicole Jones,2009,Camera,8,500,4000,East
1569,2024-12-17,798,Jason Ayala,2007,Mouse,4,25,100,West
1570,2024-06-14,748,Mitchell Smith,2007,Mouse,5,25,125,North
1571,2024-02-07,827,William Burton,2009,Camera,10,500,5000,East
1572,2024-08-28,769,Susan Bailey,2008,Printer,7,150,1050,East
1573,2024-01-18,567,Sarah Rios,2008,Printer,4,150,600,North
1574,2024-12-19,526,Catherine Ruiz,2009,Camera,6,500,3000,North
1575,2024-08-06,726,Cameron Parker,2003,Tablet,5,300,1500,North
1576,2024-11-23,639,Jorge Gardner,2003,Tablet,10,300,3000,West
1577,2024-09-19,510,Heidi Walls,2007,Mouse,8,25,200,North
1578,2024-06-01,544,William Vargas,2007,Mouse,3,25,75,West
1579,2024-09-16,512,Brenda Schwartz,2008,Printer,7,150,1050,East
1580,2024-09-10,848,Stacie Rogers,2009,Camera,8,500,4000,East
1581,2024-10-07,822,Alexa Sullivan,2007,Mouse,8,25,200,West
1582,2024-02-01,561,Michelle Wade,2010,Speaker,1,120,120,East
1583,2024-02-14,711,Katie Hale,2008,Printer,7,150,1050,West
1584,2024-10-21,840,Melinda Webb,2003,Tablet,1,300,300,West
1585,2024-05-09,830,Cindy Peterson,2004,Headphones,1,50,50,East
1586,2024-04-05,848,Jeffrey Day,2007,Mouse,8,25,200,North
1587,2024-03-16,575,Ronnie Chen,2008,Printer,1,150,150,East
1588,2024-06-07,638,Charles Wilson,2002,Phone,5,600,3000,West
1589,2024-06-06,599,Miranda Hamilton,2009,Camera,7,500,3500,South
1590,2024-03-29,651,Kelly Gibson,2007,Mouse,9,25,225,East
1591,2024-01-20,701,Pamela Wood,2004,Headphones,4,50,200,West
1592,2024-06-11,630,Yesenia Ramos,2002,Phone,1,600,600,East
1593,2024-02-24,593,Michael Nguyen,2003,Tablet,4,300,1200,West
1594,2024-08-24,645,Daniel Lloyd,2004,Headphones,2,50,100,West
1595,2024-03-14,503,Shawn Williams,2001,Laptop,2,800,1600,South
1596,2024-11-21,509,Mary Castillo,2005,Monitor,6,200,1200,South
1597,2024-08-21,624,Leonard Anderson,2007,Mouse,3,25,75,West
1598,2024-10-07,540,Daniel Wells,2010,Speaker,10,120,1200,East
1599,2024-12-25,737,Christopher Cruz,2002,Phone,1,600,600,West
1600,2024-05-16,561,Frank Warren,2007,Mouse,7,25,175,East
1601,2024-07-09,581,Anthony Brown,2002,Phone,8,600,4800,West
1602,2024-12-18,707,Dawn Green,2008,Printer,5,150,750,West
1603,2024-05-30,502,Rebecca Adams,2004,Headphones,7,50,350,South
1604,2024-07-11,584,David Holland,2009,Camera,6,500,3000,West
1605,2024-07-09,863,Sean West,2004,Headphones,2,50,100,South
1606,2024-09-03,605,Anthony Kelly,2002,Phone,8,600,4800,West
1607,2024-10-22,733,Joshua Hunter,2001,Laptop,3,800,2400,West
1608,2024-01-01,561,Megan Tate,2005,Monitor,9,200,1800,West
1609,2024-04-02,564,Holly Reid,2004,Headphones,9,50,450,South
1610,2024-09-30,737,Robert Griffith,2006,Keyboard,8,40,320,East
1611,2024-01-10,868,Juan Brewer,2006,Keyboard,8,40,320,East
1612,2024-12-20,628,Rodney Morgan,2001,Laptop,4,800,3200,South
1613,2024-11-22,860,John Richards,2009,Camera,4,500,2000,East
1614,2024-10-23,706,Thomas Ortiz,2004,Headphones,8,50,400,North
1615,2024-08-30,692,Michelle Adams,2007,Mouse,6,25,150,East
1616,2024-02-27,717,John Shields,2004,Headphones,10,50,500,West
1617,2024-04-21,786,Christina Morris,2001,Laptop,8,800,6400,East
1618,2024-11-24,506,Melissa Davis,2002,Phone,2,600,1200,West
1619,2024-09-17,790,Christopher Lane,2006,Keyboard,5,40,200,West
1620,2024-12-29,839,Susan Collins,2004,Headphones,8,50,400,East
1621,2024-05-12,509,Tony King,2004,Headphones,2,50,100,East
1622,2024-07-08,732,Jessica Patterson,2004,Headphones,8,50,400,East
1623,2024-03-25,574,Thomas Holmes,2003,Tablet,3,300,900,East
1624,2024-12-28,687,Brittany Wallace DVM,2006,Keyboard,10,40,400,West
1625,2024-07-04,557,Carrie Jimenez,2002,Phone,1,600,600,North
1626,2024-09-27,683,Wayne Smith,2002,Phone,4,600,2400,West
1627,2024-08-30,682,Matthew Lynn,2001,Laptop,3,800,2400,North
1628,2024-03-26,760,Christine Dillon,2001,Laptop,9,800,7200,East
1629,2024-07-10,720,Cynthia Rogers,2009,Camera,8,500,4000,North
1630,2024-04-09,826,Megan Baxter,2002,Phone,1,600,600,North
1631,2024-11-30,617,Denise Figueroa,2001,Laptop,1,800,800,West
1632,2024-06-20,868,Gregory Mclean,2004,Headphones,8,50,400,North
1633,2024-03-01,521,Daniel King,2002,Phone,8,600,4800,North
1634,2024-06-25,804,Tara Smith,2003,Tablet,5,300,1500,South
1635,2024-01-21,538,Billy Holloway,2006,Keyboard,2,40,80,North
1636,2024-11-12,564,Lori Romero,2005,Monitor,7,200,1400,West
1637,2024-06-02,569,Kathryn Hampton,2003,Tablet,1,300,300,South
1638,2024-05-30,780,Mr. David Eaton DVM,2006,Keyboard,3,40,120,East
1639,2024-11-18,770,Thomas Williams,2007,Mouse,4,25,100,North
1640,2024-11-24,525,Charles Taylor,2008,Printer,4,150,600,West
1641,2024-06-16,816,William Griffith,2001,Laptop,7,800,5600,East
1642,2024-10-15,642,Cody Patrick,2009,Camera,4,500,2000,East
1643,2024-08-17,528,Christopher Caldwell,2003,Tablet,2,300,600,North
1644,2024-09-10,591,Monica Wade,2008,Printer,2,150,300,North
1645,2024-07-23,786,Stephanie Harris,2002,Phone,1,600,600,East
1646,2024-06-27,832,Laura Garcia,2008,Printer,10,150,1500,East
1647,2024-09-04,532,Wendy Wright,2010,Speaker,2,120,240,South
1648,2024-01-24,821,Alice Pham,2001,Laptop,9,800,7200,West
1649,2024-05-02,880,Jessica Lutz,2002,Phone,3,600,1800,North
1650,2024-03-11,598,Joseph Stanton,2008,Printer,7,150,1050,South
1651,2024-01-28,812,Michael Holland,2002,Phone,1,600,600,East
1652,2024-12-17,709,Chelsea Wells,2010,Speaker,4,120,480,North
1653,2024-08-15,515,Alice Johnson,2010,Speaker,3,120,360,East
1654,2024-03-19,870,James Moore,2006,Keyboard,6,40,240,North
1655,2024-08-15,659,Victoria Davis,2005,Monitor,5,200,1000,North
1656,2024-03-04,617,Curtis Romero,2007,Mouse,3,25,75,North
1657,2024-06-30,703,Sydney Gibbs,2005,Monitor,9,200,1800,West
1658,2024-02-13,623,Drew Brown,2007,Mouse,4,25,100,South
1659,2024-10-10,574,Steven Pena,2007,Mouse,1,25,25,East
1660,2024-03-20,714,Timothy Smith,2008,Printer,5,150,750,South
1661,2024-04-09,707,Ashley Johnston,2004,Headphones,1,50,50,East
1662,2024-03-06,712,John Sullivan,2010,Speaker,2,120,240,North
1663,2024-12-26,619,Kenneth Hull,2006,Keyboard,10,40,400,South
1664,2024-01-06,711,Ashley English,2002,Phone,3,600,1800,West
1665,2024-06-20,850,Amanda Bryant,2009,Camera,9,500,4500,East
1666,2024-03-16,552,Christopher Baker,2001,Laptop,8,800,6400,South
1667,2024-03-07,800,Sheila Crane,2001,Laptop,1,800,800,East
1668,2024-04-09,823,Jack Frazier,2001,Laptop,1,800,800,South
1669,2024-05-19,755,Jessica Downs,2003,Tablet,8,300,2400,North
1670,2024-01-25,676,Todd Mcdaniel,2010,Speaker,6,120,720,East
1671,2024-08-24,599,Kyle Short,2010,Speaker,6,120,720,South
1672,2024-09-08,791,James Cox,2010,Speaker,6,120,720,North
1673,2024-04-01,881,Ashley Lee,2002,Phone,7,600,4200,East
1674,2024-12-14,784,Daniel Reid,2003,Tablet,7,300,2100,East
1675,2024-04-14,631,Elizabeth Butler,2005,Monitor,9,200,1800,West
1676,2024-12-30,863,Jordan Frank,2010,Speaker,1,120,120,East
1677,2024-08-30,624,Laurie Lee,2003,Tablet,2,300,600,North
1678,2024-09-22,541,Benjamin Salinas,2003,Tablet,10,300,3000,West
1679,2024-12-09,762,Beverly Zavala,2005,Monitor,3,200,600,South
1680,2024-12-14,634,Susan Levine,2009,Camera,10,500,5000,North
1681,2024-10-21,785,Peggy Wilson,2009,Camera,9,500,4500,East
1682,2024-03-12,676,Allen Dean,2010,Speaker,8,120,960,East
1683,2024-01-31,843,Andrew Murphy,2006,Keyboard,9,40,360,South
1684,2024-06-30,895,Corey Miller,2003,Tablet,1,300,300,West
1685,2024-09-15,737,Vanessa Gutierrez,2004,Headphones,4,50,200,North
1686,2024-11-07,783,Sean Parks,2004,Headphones,9,50,450,North
1687,2024-11-14,565,Willie Allen,2007,Mouse,4,25,100,North
1688,2024-11-20,804,John Olson,2001,Laptop,4,800,3200,West
1689,2024-08-12,567,Johnny King,2009,Camera,2,500,1000,West
1690,2024-10-23,740,Patricia Gilbert,2003,Tablet,3,300,900,East
1691,2024-10-06,523,Timothy Lawrence,2007,Mouse,5,25,125,East
1692,2024-01-31,863,Holly Gonzalez,2005,Monitor,2,200,400,East
1693,2024-07-05,704,Brent Harris,2005,Monitor,5,200,1000,West
1694,2024-11-19,824,Chelsea Wilson,2009,Camera,9,500,4500,East
1695,2024-11-26,608,Ronald Jackson,2009,Camera,4,500,2000,South
1696,2024-08-29,854,Alison Miller,2003,Tablet,5,300,1500,North
1697,2024-09-13,799,John Green,2007,Mouse,9,25,225,North
1698,2024-07-28,876,Daniel Williams,2004,Headphones,9,50,450,South
1699,2024-05-31,736,Shawn Thomas,2002,Phone,3,600,1800,East
1700,2024-08-16,716,Dr. Christopher Jenkins MD,2006,Keyboard,8,40,320,South
1701,2024-11-30,848,Elizabeth Olson,2002,Phone,1,600,600,North
1702,2024-12-02,820,Jodi West,2004,Headphones,4,50,200,South
1703,2024-05-29,646,Jennifer Wise,2008,Printer,4,150,600,East
1704,2024-09-10,647,Christopher Hoffman,2009,Camera,3,500,1500,South
1705,2024-06-15,896,Joseph Thompson,2008,Printer,3,150,450,North
1706,2024-11-26,653,Steve Perry,2007,Mouse,7,25,175,South
1707,2024-02-14,799,Dr. Rebecca Frank,2009,Camera,8,500,4000,South
1708,2024-03-12,773,Kayla Oconnor,2006,Keyboard,3,40,120,East
1709,2024-02-29,764,Kristi Mcdonald,2004,Headphones,4,50,200,North
1710,2024-08-01,712,Lisa Greene,2008,Printer,7,150,1050,West
1711,2024-01-16,886,Victoria Sanchez,2002,Phone,5,600,3000,East
1712,2024-11-09,700,Caitlin Suarez,2002,Phone,5,600,3000,South
1713,2024-05-17,614,Madison Garza,2003,Tablet,8,300,2400,South
1714,2024-01-22,505,Brandon James,2006,Keyboard,6,40,240,East
1715,2024-03-23,637,Harold Lee,2002,Phone,8,600,4800,East
1716,2024-11-23,893,Allison Stout,2003,Tablet,2,300,600,West
1717,2024-01-23,820,Amber Koch,2004,Headphones,2,50,100,East
1718,2024-04-24,642,Nathan Parsons,2006,Keyboard,5,40,200,East
1719,2024-04-22,659,Kaitlin Page,2002,Phone,2,600,1200,North
1720,2024-07-10,688,Rodney Gonzales,2010,Speaker,5,120,600,North
1721,2024-01-15,743,Amy Carroll,2005,Monitor,4,200,800,East
1722,2024-10-10,523,Arthur Greene,2006,Keyboard,5,40,200,East
1723,2024-10-08,650,Brandon Barnes,2010,Speaker,6,120,720,North
1724,2024-04-20,853,Keith Orr,2002,Phone,6,600,3600,South
1725,2024-05-16,769,David Jackson,2004,Headphones,8,50,400,East
1726,2024-02-08,590,Joshua Nelson,2001,Laptop,1,800,800,South
1727,2024-05-20,896,Ms. Stephanie Jackson,2010,Speaker,4,120,480,West
1728,2024-03-19,732,Shane Hernandez,2001,Laptop,8,800,6400,South
1729,2024-10-01,553,Adam Dean,2004,Headphones,8,50,400,South
1730,2024-06-02,804,Martin Graham,2008,Printer,4,150,600,East
1731,2024-05-14,583,Brian Cook,2001,Laptop,5,800,4000,East
1732,2024-07-10,875,Joseph Johns,2006,Keyboard,1,40,40,North
1733,2024-09-05,749,Diana Carlson,2002,Phone,6,600,3600,East
1734,2024-10-13,731,Matthew Caldwell,2007,Mouse,8,25,200,West
1735,2024-07-01,592,Cameron Mccoy,2005,Monitor,6,200,1200,West
1736,2024-12-30,530,Eric Ross,2003,Tablet,8,300,2400,North
1737,2024-08-21,604,Chad Davies,2001,Laptop,8,800,6400,South
1738,2024-09-17,733,Jimmy Young,2010,Speaker,10,120,1200,South
1739,2024-10-31,502,Courtney Peters,2003,Tablet,1,300,300,North
1740,2024-02-19,640,Mark Martinez,2001,Laptop,5,800,4000,East
1741,2024-03-29,622,Gregory Cuevas,2004,Headphones,2,50,100,West
1742,2024-10-26,753,Pamela Little,2001,Laptop,3,800,2400,North
1743,2024-01-24,589,Stephanie Harmon,2003,Tablet,8,300,2400,West
1744,2024-02-06,569,Paula Garcia,2003,Tablet,2,300,600,South
1745,2024-08-09,506,Derek Wilson,2007,Mouse,2,25,50,South
1746,2024-01-06,854,James Scott,2009,Camera,8,500,4000,North
1747,2024-11-18,619,Samantha Stewart,2008,Printer,6,150,900,East
1748,2024-12-12,839,Jason Friedman,2009,Camera,5,500,2500,North
1749,2024-12-31,853,Cindy Lee,2002,Phone,1,600,600,South
1750,2024-12-27,614,William Brown,2010,Speaker,6,120,720,North
1751,2024-07-20,628,Chelsea Scott,2007,Mouse,2,25,50,East
1752,2024-10-03,818,Jasmine Moore,2010,Speaker,5,120,600,West
1753,2024-02-24,787,Gary Schmidt,2004,Headphones,7,50,350,East
1754,2024-04-04,625,Chad Wall,2008,Printer,9,150,1350,West
1755,2024-08-31,751,Susan Olson,2001,Laptop,10,800,8000,East
1756,2024-06-06,772,Lisa Murray,2003,Tablet,3,300,900,North
1757,2024-04-06,744,Paul Hicks,2004,Headphones,7,50,350,East
1758,2024-10-29,713,Dylan Cox,2002,Phone,9,600,5400,West
1759,2024-06-05,779,Shannon Pierce,2009,Camera,3,500,1500,West
1760,2024-02-19,747,Rebecca Walker,2004,Headphones,4,50,200,South
1761,2024-04-11,515,Jennifer Ortiz,2001,Laptop,4,800,3200,South
1762,2024-10-09,626,Savannah Davis,2006,Keyboard,8,40,320,West
1763,2024-12-07,658,Michael Perez,2007,Mouse,1,25,25,North
1764,2024-07-28,787,Christopher Love PhD,2008,Printer,6,150,900,South
1765,2024-05-05,750,Donna Taylor,2009,Camera,6,500,3000,West
1766,2024-02-04,567,Dennis Quinn,2006,Keyboard,8,40,320,East
1767,2024-11-16,891,Emily Hall,2001,Laptop,6,800,4800,West
1768,2024-06-10,528,Derrick Rios,2006,Keyboard,7,40,280,North
1769,2024-03-09,578,Taylor Fowler,2008,Printer,3,150,450,North
1770,2024-03-10,816,Samantha Moore,2007,Mouse,2,25,50,South
1771,2024-04-05,858,Joe Smith,2006,Keyboard,1,40,40,North
1772,2024-06-07,508,Sarah Patterson,2005,Monitor,1,200,200,South
1773,2024-08-07,756,Amber Espinoza,2005,Monitor,8,200,1600,East
1774,2024-05-05,708,Michael Mata,2008,Printer,4,150,600,South
1775,2024-04-29,786,Paul Avila,2007,Mouse,3,25,75,West
1776,2024-02-03,553,Stephanie Mitchell,2009,Camera,1,500,500,South
1777,2024-03-09,833,Jeffery Bruce,2001,Laptop,9,800,7200,South
1778,2024-11-26,560,Cassandra Sims,2007,Mouse,3,25,75,South
1779,2024-11-10,843,Jose Valencia,2004,Headphones,3,50,150,North
1780,2024-03-07,866,Gail Martinez,2007,Mouse,6,25,150,East
1781,2024-07-12,553,Brian Mann MD,2007,Mouse,9,25,225,South
1782,2024-07-23,535,Meghan Howard,2004,Headphones,2,50,100,South
1783,2024-06-20,657,John Young,2003,Tablet,4,300,1200,South
1784,2024-10-22,628,Leslie Cook,2001,Laptop,8,800,6400,East
1785,2024-11-18,649,Patricia Rodriguez,2006,Keyboard,5,40,200,South
1786,2024-06-18,731,Alexandra Nguyen,2005,Monitor,9,200,1800,East
1787,2024-05-30,587,Brandon Lucas,2007,Mouse,1,25,25,East
1788,2024-02-07,863,Christopher Morales,2008,Printer,8,150,1200,South
1789,2024-10-17,772,Nathan Shepard DDS,2010,Speaker,2,120,240,East
1790,2024-01-15,539,John Gibbs,2001,Laptop,8,800,6400,South
1791,2024-10-17,619,Laura Dixon,2010,Speaker,7,120,840,West
1792,2024-01-30,689,Derek Shaw,2002,Phone,5,600,3000,West
1793,2024-10-28,793,Nathaniel Fleming,2003,Tablet,10,300,3000,West
1794,2024-07-20,742,Krystal Williams,2001,Laptop,8,800,6400,North
1795,2024-08-04,896,Adam Larson,2006,Keyboard,2,40,80,South
1796,2024-10-06,637,Stephanie Boyd,2009,Camera,9,500,4500,West
1797,2024-04-29,501,Cheryl Garcia,2005,Monitor,5,200,1000,South
1798,2024-01-14,739,Tracy Everett MD,2010,Speaker,9,120,1080,North
1799,2024-05-12,667,Paul Smith,2003,Tablet,5,300,1500,South
1800,2024-10-07,584,Marissa Hodge,2004,Headphones,2,50,100,South
1801,2024-08-20,582,Angela Fletcher,2007,Mouse,5,25,125,South
1802,2024-08-05,691,Patrick Hernandez,2005,Monitor,7,200,1400,East
1803,2024-12-03,793,Andrea Ortiz,2009,Camera,5,500,2500,North
1804,2024-06-18,864,Angela Howell,2007,Mouse,10,25,250,South
1805,2024-01-06,553,Jennifer Murray,2010,Speaker,2,120,240,North
1806,2024-07-26,783,Cynthia Campbell,2006,Keyboard,1,40,40,South
1807,2024-03-22,757,Gregory Lawson,2003,Tablet,5,300,1500,South
1808,2024-01-14,506,Mary Bass,2006,Keyboard,2,40,80,North
1809,2024-10-28,854,Evelyn Poole,2006,Keyboard,2,40,80,West
1810,2024-03-11,681,Jason Ramirez,2004,Headphones,3,50,150,North
1811,2024-11-04,656,Nicholas Scott,2010,Speaker,7,120,840,East
1812,2024-07-10,879,Marvin Guerra,2008,Printer,1,150,150,East
1813,2024-01-18,603,Alison Ford,2002,Phone,9,600,5400,East
1814,2024-01-24,701,Jeffrey Bennett,2009,Camera,5,500,2500,North
1815,2024-07-28,716,Christina Bennett,2006,Keyboard,5,40,200,East
1816,2024-01-23,544,Leonard Woods,2008,Printer,10,150,1500,East
1817,2024-03-02,776,Leslie Hall,2005,Monitor,4,200,800,East
1818,2024-03-13,889,Trevor Moore,2002,Phone,6,600,3600,East
1819,2024-09-12,866,Emily Nguyen,2007,Mouse,6,25,150,East
1820,2024-10-11,529,Tamara Rivera,2003,Tablet,2,300,600,South
1821,2024-09-28,765,Charles Moore,2004,Headphones,8,50,400,South
1822,2024-08-26,854,Kathy Wilson,2007,Mouse,8,25,200,South
1823,2024-08-14,685,Todd Lin,2002,Phone,2,600,1200,East
1824,2024-06-24,740,Aaron Sosa,2004,Headphones,7,50,350,South
1825,2024-07-06,793,Faith Beck,2006,Keyboard,7,40,280,South
1826,2024-10-04,683,Matthew Peck,2008,Printer,5,150,750,East
1827,2024-09-16,845,Marissa Wagner,2008,Printer,1,150,150,West
1828,2024-01-04,651,Matthew Mcconnell,2006,Keyboard,10,40,400,East
1829,2024-04-15,728,Mary Conley,2004,Headphones,8,50,400,East
1830,2024-05-17,768,Jeffrey Johnson,2009,Camera,7,500,3500,East
1831,2024-10-28,580,Katrina Rivera,2005,Monitor,6,200,1200,South
1832,2024-11-11,611,Diana Warren,2010,Speaker,3,120,360,South
1833,2024-06-15,589,Lauren Benitez,2003,Tablet,1,300,300,North
1834,2024-12-21,510,James Freeman,2010,Speaker,2,120,240,West
1835,2024-02-07,746,Angela Parks,2001,Laptop,3,800,2400,South
1836,2024-08-14,798,Sylvia Mann,2004,Headphones,1,50,50,South
1837,2024-12-27,592,Logan Diaz,2006,Keyboard,10,40,400,West
1838,2024-09-26,734,Kenneth Kelly,2009,Camera,8,500,4000,East
1839,2024-10-13,638,David Garcia,2007,Mouse,1,25,25,North
1840,2024-04-10,752,Joyce Tran,2010,Speaker,9,120,1080,North
1841,2024-11-09,558,Amy Wright,2002,Phone,10,600,6000,North
1842,2024-01-28,770,Amanda Young,2008,Printer,6,150,900,South
1843,2024-11-04,777,Nathan Tate,2010,Speaker,4,120,480,East
1844,2024-05-22,824,Phillip Strickland,2006,Keyboard,6,40,240,East
1845,2024-09-23,554,Roberta Rodriguez,2003,Tablet,3,300,900,East
1846,2024-03-23,876,Benjamin Kennedy,2010,Speaker,4,120,480,South
1847,2024-12-28,874,Maria Johnson,2002,Phone,1,600,600,East
1848,2024-01-22,599,Heather Thomas,2003,Tablet,3,300,900,West
1849,2024-12-10,812,Francisco Downs,2003,Tablet,1,300,300,East
1850,2024-09-19,656,Rachel Hodge,2002,Phone,5,600,3000,South
1851,2024-04-21,791,Rebecca Vaughn,2009,Camera,7,500,3500,South
1852,2024-04-27,709,Katherine Martinez,2009,Camera,7,500,3500,West
1853,2024-01-06,762,Kelly Jensen,2002,Phone,6,600,3600,South
1854,2024-09-19,639,John Cox,2006,Keyboard,10,40,400,East
1855,2024-05-11,776,William Harper,2002,Phone,3,600,1800,West
1856,2024-11-22,895,Ashley Spears,2003,Tablet,1,300,300,East
1857,2024-07-24,555,Robert Wang,2003,Tablet,4,300,1200,West
1858,2024-09-23,808,Diana Warner,2006,Keyboard,10,40,400,West
1859,2024-12-08,775,Ronald Nguyen,2010,Speaker,9,120,1080,East
1860,2024-03-02,652,Jessica Henderson,2008,Printer,4,150,600,South
1861,2024-12-30,861,Dwayne Davis,2005,Monitor,3,200,600,West
1862,2024-12-27,595,Justin Rodriguez,2007,Mouse,9,25,225,East
1863,2024-10-30,577,Victoria Campbell,2005,Monitor,8,200,1600,West
1864,2024-12-12,869,Michael Underwood,2002,Phone,1,600,600,West
1865,2024-05-02,660,Amanda Carter,2004,Headphones,5,50,250,North
1866,2024-03-25,813,Megan Castaneda,2003,Tablet,5,300,1500,East
1867,2024-12-27,693,Christopher Kidd,2009,Camera,4,500,2000,East
1868,2024-05-16,607,Holly Rodgers,2007,Mouse,10,25,250,West
1869,2024-12-13,538,Laura Murphy,2001,Laptop,10,800,8000,South
1870,2024-08-19,569,Sarah Wu,2005,Monitor,7,200,1400,North
1871,2024-04-02,817,Hannah Clark,2007,Mouse,6,25,150,South
1872,2024-01-05,582,Carl Schultz,2009,Camera,6,500,3000,West
1873,2024-08-06,734,Roger Kerr,2003,Tablet,6,300,1800,West
1874,2024-07-25,795,Laura Weaver,2003,Tablet,7,300,2100,North
1875,2024-06-02,820,Nicholas Deleon,2006,Keyboard,10,40,400,North
1876,2024-03-29,819,Joseph Johnson,2002,Phone,8,600,4800,North
1877,2024-01-14,833,Samantha Keller,2001,Laptop,7,800,5600,East
1878,2024-05-03,870,Amy Boyd,2002,Phone,5,600,3000,North
1879,2024-11-11,730,Gerald Lee,2002,Phone,1,600,600,North
1880,2024-04-09,778,Kathy Richardson,2005,Monitor,9,200,1800,East
1881,2024-04-12,797,Nicole Gregory,2009,Camera,9,500,4500,South
1882,2024-07-24,700,William Gonzales,2002,Phone,3,600,1800,North
1883,2024-10-22,781,Carrie White,2004,Headphones,9,50,450,East
1884,2024-08-12,868,Christopher Flores,2003,Tablet,9,300,2700,South
1885,2024-03-28,552,Michael Anderson,2009,Camera,5,500,2500,North
1886,2024-08-20,890,Andrew Wallace,2002,Phone,6,600,3600,North
1887,2024-03-13,753,Nancy James,2004,Headphones,4,50,200,East
1888,2024-12-01,636,Gregory Terrell,2004,Headphones,2,50,100,South
1889,2024-08-08,870,Matthew Cruz,2010,Speaker,6,120,720,West
1890,2024-03-13,513,Thomas Schneider,2003,Tablet,9,300,2700,East
1891,2024-01-16,788,Jacob Clay,2005,Monitor,4,200,800,South
1892,2024-08-05,670,Jonathan Mccall,2007,Mouse,3,25,75,West
1893,2024-12-16,889,Henry Sanders,2003,Tablet,2,300,600,West
1894,2024-10-13,789,Dana Hicks,2003,Tablet,6,300,1800,South
1895,2024-02-02,819,Mary Cummings,2006,Keyboard,4,40,160,South
1896,2024-05-29,815,Janice Brown,2010,Speaker,1,120,120,West
1897,2024-05-14,784,Darlene Barajas,2010,Speaker,9,120,1080,West
1898,2024-07-24,834,Jessica Escobar,2010,Speaker,5,120,600,East
1899,2024-12-19,580,Ashley Fowler,2005,Monitor,8,200,1600,East
1900,2024-05-29,654,Robert Cox,2010,Speaker,9,120,1080,East
1901,2024-06-09,725,Taylor Jenkins,2004,Headphones,9,50,450,East
1902,2024-06-03,758,Albert Brown,2002,Phone,10,600,6000,East
1903,2024-09-29,873,Michelle Brown,2001,Laptop,9,800,7200,South
1904,2024-01-04,616,Earl Edwards,2007,Mouse,9,25,225,East
1905,2024-07-22,896,Michelle Melendez,2008,Printer,3,150,450,East
1906,2024-12-05,705,Richard Spencer,2002,Phone,9,600,5400,North
1907,2024-10-04,748,Jordan Chavez,2005,Monitor,7,200,1400,North
1908,2024-11-29,618,Joel Livingston,2008,Printer,5,150,750,East
1909,2024-07-29,710,Jeremy Thompson,2001,Laptop,6,800,4800,North
1910,2024-12-08,752,Ms. Cynthia Collins,2005,Monitor,10,200,2000,South
1911,2024-05-15,620,Jeffrey Peterson,2002,Phone,6,600,3600,East
1912,2024-07-30,583,Ethan Dunn,2006,Keyboard,5,40,200,South
1913,2024-07-07,715,Victor Young,2004,Headphones,3,50,150,North
1914,2024-02-17,618,Sarah Hester,2007,Mouse,4,25,100,East
1915,2024-10-09,672,Andrew Carey,2005,Monitor,6,200,1200,South
1916,2024-08-16,550,Scott Joseph,2010,Speaker,8,120,960,West
1917,2024-01-28,794,Megan Robertson,2010,Speaker,6,120,720,North
1918,2024-07-24,760,Charles Scott,2003,Tablet,4,300,1200,West
1919,2024-03-24,689,Lauren Rodriguez,2006,Keyboard,4,40,160,East
1920,2024-11-21,715,Diane Nelson,2001,Laptop,10,800,8000,South
1921,2024-07-21,590,Julie Jackson,2002,Phone,6,600,3600,East
1922,2024-04-11,636,Ashley Jones,2009,Camera,6,500,3000,South
1923,2024-11-26,821,Angela Chandler,2004,Headphones,9,50,450,West
1924,2024-08-20,756,Eric Ramsey,2001,Laptop,2,800,1600,North
1925,2024-11-08,769,Tara Chen,2004,Headphones,10,50,500,South
1926,2024-11-03,559,Marie Gray,2005,Monitor,1,200,200,South
1927,2024-01-02,551,Raymond Hernandez,2006,Keyboard,3,40,120,North
1928,2024-10-30,620,Jeremy Murillo,2009,Camera,2,500,1000,South
1929,2024-04-01,864,Dawn Smith,2003,Tablet,10,300,3000,South
1930,2024-04-09,725,Kirsten Simmons,2007,Mouse,5,25,125,North
1931,2024-11-28,671,Michael Pearson,2005,Monitor,2,200,400,East
1932,2024-05-19,794,Matthew Ramos MD,2009,Camera,6,500,3000,West
1933,2024-06-14,798,William Kelly,2002,Phone,7,600,4200,East
1934,2024-12-18,812,Sarah Vega,2010,Speaker,10,120,1200,North
1935,2024-06-09,758,Mr. Joshua Ford,2008,Printer,9,150,1350,West
1936,2024-09-29,759,Gabriel Butler,2008,Printer,8,150,1200,East
1937,2024-02-29,621,Kelly Carroll,2007,Mouse,10,25,250,North
1938,2024-04-02,589,Laurie Sharp,2006,Keyboard,8,40,320,East
1939,2024-03-30,554,Maurice Russell,2008,Printer,2,150,300,North
1940,2024-01-09,615,Alejandra Hanson,2005,Monitor,10,200,2000,East
1941,2024-04-12,841,Charles Burnett,2003,Tablet,5,300,1500,East
1942,2024-07-22,743,Elizabeth Hunt,2006,Keyboard,10,40,400,East
1943,2024-01-19,573,Adam Moran,2009,Camera,3,500,1500,West
1944,2024-08-12,512,Caitlin Black,2006,Keyboard,6,40,240,West
1945,2024-05-31,577,Mary Lowe,2003,Tablet,10,300,3000,West
1946,2024-03-09,811,Julia Chen,2003,Tablet,10,300,3000,East
1947,2024-05-28,577,Martha Buckley,2009,Camera,8,500,4000,West
1948,2024-12-18,595,Yolanda Cox,2008,Printer,1,150,150,South
1949,2024-05-14,523,Ronald King,2007,Mouse,8,25,200,South
1950,2024-05-12,505,Katie Scott,2009,Camera,10,500,5000,East
1951,2024-08-15,687,Patrick Barber,2005,Monitor,4,200,800,East
1952,2024-11-09,744,Travis Gutierrez,2003,Tablet,2,300,600,South
1953,2024-03-16,732,Travis Turner,2005,Monitor,8,200,1600,North
1954,2024-02-04,615,Steven Bauer,2006,Keyboard,5,40,200,West
1955,2024-11-12,781,Daniel Atkins,2008,Printer,4,150,600,North
1956,2024-09-08,564,Emily Hamilton,2008,Printer,1,150,150,North
1957,2024-05-08,883,Joshua Wright,2008,Printer,9,150,1350,South
1958,2024-09-16,751,Nicholas Cook,2007,Mouse,10,25,250,South
1959,2024-05-10,570,Ethan Ramos,2004,Headphones,8,50,400,South
1960,2024-09-23,522,Mary Austin MD,2008,Printer,8,150,1200,West
1961,2024-09-04,861,Ronald Johnson,2004,Headphones,6,50,300,South
1962,2024-09-21,586,Seth Rodriguez,2004,Headphones,8,50,400,South
1963,2024-06-26,649,Edward Smith,2001,Laptop,4,800,3200,North
1964,2024-09-06,770,Erica Baldwin,2006,Keyboard,9,40,360,South
1965,2024-09-25,594,Jason Willis,2002,Phone,6,600,3600,South
1966,2024-09-08,567,Tina Bryant,2002,Phone,9,600,5400,South
1967,2024-07-04,864,David Robinson,2007,Mouse,1,25,25,South
1968,2024-05-12,618,Thomas Saunders,2008,Printer,3,150,450,East
1969,2024-07-20,793,Nicholas Vargas,2002,Phone,6,600,3600,South
1970,2024-08-13,762,Charles Martinez,2007,Mouse,5,25,125,West
1971,2024-12-21,514,Michael Walsh,2004,Headphones,1,50,50,South
1972,2024-03-01,661,Sharon Wells,2010,Speaker,5,120,600,North
1973,2024-10-29,642,Michelle Anthony DVM,2004,Headphones,3,50,150,East
1974,2024-08-05,692,Richard Alexander,2008,Printer,4,150,600,South
1975,2024-10-08,533,Barbara Briggs,2001,Laptop,2,800,1600,West
1976,2024-09-25,557,Charles Lara,2004,Headphones,10,50,500,South
1977,2024-06-17,538,Linda Henry,2001,Laptop,10,800,8000,East
1978,2024-08-01,516,Lauren Gallegos,2010,Speaker,10,120,1200,West
1979,2024-09-30,744,Belinda Boyer,2009,Camera,9,500,4500,South
1980,2024-04-27,553,Jennifer Johnson,2002,Phone,8,600,4800,North
1981,2024-08-19,690,Aaron Anderson,2006,Keyboard,7,40,280,South
1982,2024-06-11,725,Martha Johnson,2002,Phone,10,600,6000,North
1983,2024-11-28,683,Andrea Clark,2007,Mouse,5,25,125,East
1984,2024-01-30,818,Troy Blankenship,2007,Mouse,7,25,175,North
1985,2024-02-03,657,Peggy Benjamin,2001,Laptop,6,800,4800,West
1986,2024-02-12,641,Michael Webb,2002,Phone,8,600,4800,East
1987,2024-05-14,822,Hunter Klein,2008,Printer,7,150,1050,West
1988,2024-04-22,802,April Beard,2003,Tablet,8,300,2400,East
1989,2024-06-16,657,Miss Stephanie Shaw,2010,Speaker,6,120,720,North
1990,2024-07-22,681,Emma Armstrong,2002,Phone,10,600,6000,East
1991,2024-06-20,702,Michael Gomez DVM,2002,Phone,6,600,3600,North
1992,2024-09-06,897,Chelsea Martinez,2009,Camera,8,500,4000,North
1993,2024-09-21,806,Robert Baxter,2002,Phone,3,600,1800,West
1994,2024-12-10,787,David Wright,2008,Printer,6,150,900,East
1995,2024-07-23,709,Benjamin Chavez,2003,Tablet,1,300,300,South
1996,2024-01-17,687,Sherri Miller,2004,Headphones,2,50,100,East
1997,2024-03-19,719,Marvin David,2010,Speaker,9,120,1080,East
1998,2024-08-02,621,Randy Hancock,2002,Phone,10,600,6000,South
1999,2024-12-25,546,Lisa Garcia,2005,Monitor,9,200,1800,West
2000,2024-10-08,827,Alexandra Myers,2009,Camera,8,500,4000,East
